{
  "status": "trained",
  "rows": 815,
  "train_rows": 652,
  "test_rows": 163,
  "MAE": 8.7943,
  "RMSE": 14.2619,
  "R2_score": 0.7942,
  "accuracy_percent": 90.02,
  "residual_std": {
    "xgb": 16.5239,
    "rf": 13.3931,
    "lr": 12.2989
  },
  "rf_tree_var": 168.890626,
  "weights": {
    "xgb": 0.5,
    "rf": 0.3,
    "lr": 0.2
  },
  "trained_at": "2025-11-13T21:29:09.682534"
}