{
  "status": "trained",
  "city": "Bengaluru",
  "rows": 432,
  "test_rows": 87,
  "MAE": 7.5042,
  "RMSE": 8.8538,
  "R2_score": 0.0521,
  "accuracy_percent": 55.61,
  "residual_std": {
    "xgb": 6.6171,
    "rf": 5.5973,
    "lr": 4.1854
  },
  "rf_tree_var": 58.881738,
  "weights": {
    "xgb": 0.5,
    "rf": 0.3,
    "lr": 0.2
  },
  "trained_at": "2025-11-17T19:41:22.041028"
}