{
  "status": "trained",
  "rows": 815,
  "train_rows": 652,
  "test_rows": 163,
  "MAE": 25.4958,
  "RMSE": 40.187,
  "R2_score": 0.5245,
  "accuracy_percent": 77.26,
  "residual_std": {
    "xgb": 43.9637,
    "rf": 38.5452,
    "lr": 19.9433
  },
  "rf_tree_var": 251.515919,
  "weights": {
    "xgb": 0.5,
    "rf": 0.3,
    "lr": 0.2
  },
  "trained_at": "2025-11-16T20:19:20.456761"
}