{
  "status": "trained",
  "rows": 804,
  "train_rows": 643,
  "test_rows": 161,
  "MAE": 17.6138,
  "RMSE": 26.392,
  "R2_score": 0.6631,
  "accuracy_percent": 82.38,
  "residual_std": {
    "xgb": 30.699,
    "rf": 24.7573,
    "lr": 17.7356
  },
  "rf_tree_var": 217.192014,
  "weights": {
    "xgb": 0.5,
    "rf": 0.3,
    "lr": 0.2
  },
  "trained_at": "2025-11-16T10:20:49.314873"
}